<?xml version="1.0" encoding="UTF-8"?>
<project-private xmlns="http://www.netbeans.org/ns/project-private/1">
    <editor-bookmarks xmlns="http://www.netbeans.org/ns/editor-bookmarks/2" lastBookmarkId="0"/>
    <open-files xmlns="http://www.netbeans.org/ns/projectui-open-files/2">
        <group>
            <file>file:/C:/Users/Mohammed/Dropbox/SDU%20SLAGELSE/2.semester/software%20construction/Training_program/src/training_program/Model/Teacher.java</file>
            <file>file:/C:/Users/Mohammed/Dropbox/SDU%20SLAGELSE/2.semester/software%20construction/Training_program/src/training_program/Model/Student.java</file>
            <file>file:/C:/Users/Mohammed/Dropbox/SDU%20SLAGELSE/2.semester/software%20construction/Training_program/src/training_program/Model/Attendance.java</file>
            <file>file:/C:/Users/Mohammed/Dropbox/SDU%20SLAGELSE/2.semester/software%20construction/Training_program/src/training_program/Training_program.java</file>
            <file>file:/C:/Users/Mohammed/Dropbox/SDU%20SLAGELSE/2.semester/software%20construction/Training_program/src/training_program/View/UI.java</file>
            <file>file:/C:/Users/Mohammed/Dropbox/SDU%20SLAGELSE/2.semester/software%20construction/Training_program/src/training_program/Controller/StudentController.java</file>
            <file>file:/C:/Users/Mohammed/Dropbox/SDU%20SLAGELSE/2.semester/software%20construction/Training_program/src/training_program/createTable.sql</file>
            <file>file:/C:/Users/Mohammed/Dropbox/SDU%20SLAGELSE/2.semester/software%20construction/Training_program/src/training_program/Model/StudentTableModel.java</file>
            <file>file:/C:/Users/Mohammed/Dropbox/SDU%20SLAGELSE/2.semester/software%20construction/Training_program/src/training_program/DB.java</file>
            <file>file:/C:/Users/Mohammed/Dropbox/SDU%20SLAGELSE/2.semester/software%20construction/Training_program/src/training_program/Model/StudentMapper.java</file>
            <file>file:/C:/Users/Mohammed/Dropbox/SDU%20SLAGELSE/2.semester/software%20construction/Training_program/src/training_program/Model/Course.java</file>
        </group>
    </open-files>
</project-private>
